<?xml version="1.0" encoding="UTF-8" ?>
<NotepadPlus>
    <Session activeView="1">
        <mainView activeIndex="0">
            <File firstVisibleLine="0" xOffset="0" scrollWidth="1304" startPos="412" endPos="412" selMode="0" offset="0" wrapCount="1" lang="HTML" encoding="-1" userReadOnly="no" filename="new 1" backupFilePath="C:\Users\179997\AppData\Local\Temp\Rar$EXa4464.10713\backup\new 1@2023-02-09_111942" originalFileLastModifTimestamp="0" originalFileLastModifTimestampHigh="0" tabColourId="-1" mapFirstVisibleDisplayLine="-1" mapFirstVisibleDocLine="-1" mapLastVisibleDocLine="-1" mapNbLine="-1" mapHigherPos="-1" mapWidth="-1" mapHeight="-1" mapKByteInDoc="512" mapWrapIndentMode="-1" mapIsWrap="no" />
        </mainView>
        <subView activeIndex="0">
            <File firstVisibleLine="170" xOffset="0" scrollWidth="1304" startPos="10370" endPos="10370" selMode="0" offset="0" wrapCount="1" lang="None (Normal Text)" encoding="-1" userReadOnly="no" filename="new 3" backupFilePath="C:\Users\179997\AppData\Local\Temp\Rar$EXa4464.10713\backup\new 3@2023-02-09_112209" originalFileLastModifTimestamp="0" originalFileLastModifTimestampHigh="0" tabColourId="-1" mapFirstVisibleDisplayLine="-1" mapFirstVisibleDocLine="-1" mapLastVisibleDocLine="-1" mapNbLine="-1" mapHigherPos="-1" mapWidth="-1" mapHeight="-1" mapKByteInDoc="512" mapWrapIndentMode="-1" mapIsWrap="no" />
        </subView>
    </Session>
</NotepadPlus>
